Workbook

Sheet Current_Inventory
A1: product_id | B1: product_name | C1: starting_stock | D1: current_stock_counted
A2: 201 | B2: Laptop | C2: 50 | D2: 28
A3: 202 | B3: Phone | C3: 80 | D3: 45
A4: 203 | B4: Tablet | C4: 60 | D4: 38
A5: 204 | B5: Desk | C5: 40 | D5: 36
A6: 205 | B6: Chair | C6: 70 | D6: 55
A7: 206 | B7: Monitor | C7: 30 | D7: 30

Sheet Sales_History
A1: sale_id | B1: product_id | C1: quantity_sold | D1: sale_date
A2: 1 | B2: 201 | C2: 5 | D2: 46054
A3: 2 | B3: 202 | C3: 10 | D3: 46055
A4: 3 | B4: 203 | C4: 8 | D4: 46056
A5: 4 | B5: 201 | C5: 7 | D5: 46057
A6: 5 | B6: 204 | C6: 2 | D6: 46058
A7: 6 | B7: 205 | C7: 6 | D7: 46059
A8: 7 | B8: 202 | C8: 12 | D8: 46060
A9: 8 | B9: 203 | C9: 5 | D9: 46061
A10: 9 | B10: 201 | C10: 6 | D10: 46062
A11: 10 | B11: 205 | C11: 4 | D11: 46063
A12: 11 | B12: 202 | C12: 8 | D12: 46064
A13: 12 | B13: 206 | C13: 3 | D13: 46065
... A17: 16 | B17: 202 | C17: 5 | D17: 46069

Sheet Reconciliation
D1: product_name | E1: starting_stock | F1: current_stock_counted | G1: expected_stock | H1: discrepancy | I1: status
D2: {=XLOOKUP(A2, Current_Inventory!A:A, Current_Inventory!B:B)} -> Laptop | E2: {=XLOOKUP(A2, Current_Inventory!A:A, Current_Inventory!C:C)} -> 50 | F2: {=XLOOKUP(A2, Current_Inventory!A:A, Current_Inventory!D:D)} -> 28 | G2: =E2 - B2 -> 28 | H2: =F2 - G2 -> 0 | I2: =IF(H2=0, "✅ Match", IF(H2>0, "📦 Surplus", "⚠️ Shortage")) -> ✅ Match
D3: {=XLOOKUP(A3, Current_Inventory!A:A, Current_Inventory!B:B)} -> Phone | E3: {=XLOOKUP(A3, Current_Inventory!A:A, Current_Inventory!C:C)} -> 80 | F3: {=XLOOKUP(A3, Current_Inventory!A:A, Current_Inventory!D:D)} -> 45 | G3: =E3 - B3 -> 45 | H3: =F3 - G3 -> 0 | I3: =IF(H3=0, "✅ Match", IF(H3>0, "📦 Surplus", "⚠️ Shortage")) -> ✅ Match
D4: {=XLOOKUP(A4, Current_Inventory!A:A, Current_Inventory!B:B)} -> Tablet | E4: {=XLOOKUP(A4, Current_Inventory!A:A, Current_Inventory!C:C)} -> 60 | F4: {=XLOOKUP(A4, Current_Inventory!A:A, Current_Inventory!D:D)} -> 38 | G4: =E4 - B4 -> 38 | H4: =F4 - G4 -> 0 | I4: =IF(H4=0, "✅ Match", IF(H4>0, "📦 Surplus", "⚠️ Shortage")) -> ✅ Match
D5: {=XLOOKUP(A5, Current_Inventory!A:A, Current_Inventory!B:B)} -> Desk | E5: {=XLOOKUP(A5, Current_Inventory!A:A, Current_Inventory!C:C)} -> 40 | F5: {=XLOOKUP(A5, Current_Inventory!A:A, Current_Inventory!D:D)} -> 36 | G5: =E5 - B5 -> 38 | H5: =F5 - G5 -> -2 | I5: =IF(H5=0, "✅ Match", IF(H5>0, "📦 Surplus", "⚠️ Shortage")) -> ⚠️ Shortage
D6: {=XLOOKUP(A6, Current_Inventory!A:A, Current_Inventory!B:B)} -> Chair | E6: {=XLOOKUP(A6, Current_Inventory!A:A, Current_Inventory!C:C)} -> 70 | F6: {=XLOOKUP(A6, Current_Inventory!A:A, Current_Inventory!D:D)} -> 55 | G6: =E6 - B6 -> 55 | H6: =F6 - G6 -> 0 | I6: =IF(H6=0, "✅ Match", IF(H6>0, "📦 Surplus", "⚠️ Shortage")) -> ✅ Match
D7: {=XLOOKUP(A7, Current_Inventory!A:A, Current_Inventory!B:B)} -> Monitor | E7: {=XLOOKUP(A7, Current_Inventory!A:A, Current_Inventory!C:C)} -> 30 | F7: {=XLOOKUP(A7, Current_Inventory!A:A, Current_Inventory!D:D)} -> 30 | G7: =E7 - B7 -> 27 | H7: =F7 - G7 -> 3 | I7: =IF(H7=0, "✅ Match", IF(H7>0, "📦 Surplus", "⚠️ Shortage")) -> 📦 Surplus
D28: SUMMARY: Out of 6 products, 4 reconciled perfectly.
D29: Desk shows a shortage of 2 units — recommend investigating
D30: for theft, damage, or unrecorded sales. Monitor shows a
D31: surplus of 3 units — recommend checking for returns or
D32: counting errors during the last stock take.
